{"cameraMode":{"drawMode":0,"name":"Shaded","section":"Shading Mode"},"sceneLighting":false,"audioPlay":false,"sceneViewState":{"m_AlwaysRefresh":false,"showFog":true,"showSkybox":false,"showFlares":true,"showImageEffects":true,"showParticleSystems":true,"showVisualEffectGraphs":true,"m_FxEnabled":true},"in2DMode":false,"pivot":{"x":14.659000396728516,"y":1.3489999771118165,"z":71.54900360107422},"rotation":{"x":-0.010568243451416493,"y":0.9687023162841797,"z":-0.24446295201778413,"w":-0.041877903044223788},"size":0.21650634706020356,"orthographic":false}