{"cameraMode":{"drawMode":0,"name":"Shaded","section":"Shading Mode"},"sceneLighting":true,"audioPlay":false,"sceneViewState":{"m_AlwaysRefresh":false,"showFog":true,"showSkybox":true,"showFlares":true,"showImageEffects":true,"showParticleSystems":true,"showVisualEffectGraphs":true,"m_FxEnabled":true},"in2DMode":false,"pivot":{"x":11.855734825134278,"y":0.5049541592597961,"z":69.89912414550781},"rotation":{"x":-0.010568243451416493,"y":0.9687023162841797,"z":-0.24446295201778413,"w":-0.041877903044223788},"size":3.5759150981903078,"orthographic":true}